{"cameraMode":{"drawMode":0,"name":"Shaded","section":"Shading Mode"},"sceneLighting":true,"audioPlay":false,"sceneViewState":{"showFog":true,"showMaterialUpdate":false,"showSkybox":true,"showFlares":true,"showImageEffects":true,"showParticleSystems":true},"in2DMode":false,"pivot":{"x":-5.26393985748291,"y":3.267871379852295,"z":9.203508377075196},"rotation":{"x":0.21476583182811738,"y":0.7252945899963379,"z":-0.25942447781562807,"w":0.6004443168640137},"size":2.258899211883545,"orthographic":false}