{"cameraMode":{"drawMode":0,"name":"Shaded","section":"Shading Mode"},"sceneLighting":true,"audioPlay":false,"sceneViewState":{"showFog":true,"showMaterialUpdate":false,"showSkybox":true,"showFlares":true,"showImageEffects":true,"showParticleSystems":true},"in2DMode":false,"pivot":{"x":2.641157627105713,"y":3.944460391998291,"z":6.324797630310059},"rotation":{"x":0.08935877680778504,"y":0.7652691602706909,"z":-0.10886476188898087,"w":0.6281396150588989},"size":7.783023834228516,"orthographic":false}